Item,Quantity,Unit Price (USD),Notes
Triple Screw Terminal,1,,Already have
SHT45,1,14.99,
BME688,1,20.89,
SGP41,1,12.79,
ESP32 LoRa V3 Module Board with 1100mAh Battery Set - with 863-928MHz Antenna and SX1262 LoRa V3 Devices for Meshtastic Arduino LoRawan IOT,2,26.49,"1 purchased, 1 donated - 0.00$"
"ZPSHYD 6V 3W Solar Panel, Mini Monocrystalline DC5521 for Battery Lamp",1,14.59,
XINLANTECH 3.7V 2600mAh 18650 Rechargeable Li-ion Battery with Jst XH2.54/2P,1,11.72,
3Pcs 500Ma Mini Solar Lipo Charger Board CN3065 Lithium Battery Charge Chip DIY Outdoor Charging Board Module,1,6.99,
Schottky Diode,1,,Already have
Capacitive Soil Moisture Sensor Corrosion Resistant for Arduino Moisture Detection Garden Watering DIY (Pack of 2PCS) EK1940,1,9.99,
Bulk Electrolytic 1000 microF 10V,1,,Already have
XT60 Switch,1,8.99,

Tax in my area,,7%,
Subtotal,,127.44,
Tax,,8.92,
Total,,136.36,tax included
Spent so far,,77.43,
Remaining,,58.93,

"Bought SHT45, SHT41, BME688, ESP32 LoRa V3 and Capacitive Soil Moisture Sensor",,,
Received 2nd ESP32 LoRa V3 (donated),,,
Removed JST PH2.0 connector kit (returning),,,
